,Unnamed: 0,preview_date,preview_text,url,company,article_time,article_date,article_text,FAS,event_predupr,event_predost,event_delo,event_resh,event_predp
90,90,23.03.2021,"Отмена топливного демпфера лишит рынок защиты, нельзя это даже обсуждать - Минэнерго РФ",https://www.finam.ru/analysis/newsitem/otmena-toplivnogo-dempfera-lishit-rynok-zashity-nelzya-eto-dazhe-obsuzhdat-minenergo-rf-20210323-09227/,rosneft,09:22,23.03.2021,"МОСКВА, 23 мар - РИА Новости/Прайм. Минэнерго РФ считает, что нельзя обсуждать отмену демпфера, который призван сглаживать колебания цен на топливо, так как это лишит рынок защитного механизма, прокомментировал замминистра энергетики РФ Павел Сорокин предложения Независимого топливного союза. Независимый топливный союз (НТС) направил письмо премьер-министру РФ Михаилу Мишустину с просьбой принять меры по стабилизации ситуации на рынке топлива, пишет во вторник газета ""Известия"". В частности, бизнес предлагает снизить акцизы на бензин и дизель, отменить демпфер и увеличить нормативы продаж нефтепродуктов на бирже. Цены на бензин в рознице до конца года могут вырасти выше инфляции, а при худшем сценарии - на 14%, предупредили в НТС. ""Одним из главных приоритетов действующего механизма демпфера остаётся сохранение темпов изменения конечных розничных цен для потребителя не выше уровня инфляции за счет компенсации разницы между экспортной альтернативой и ценой внутреннего рынка. Его отмена лишит рынок защитного механизма"", - прокомментировал Сорокин прогноз роста цен на бензин. ""Мы считаем, что категорически нельзя даже обсуждать отмену данного механизма, потому что это может привести к непоправимым последствиям для рынка"", - добавил замминистра. Он также напомнил, что правительство и топливные компании уже приняли все необходимые срочные меры реагирования на ситуацию роста оптовых цен на топливо. Так, с 1 мая заработает скорректированный демпферный механизм. Также совместным приказом ФАС и Минэнерго с марта повышены нормативы продаж нефтепродуктов на бирже: бензина до 11% от месячного объема производства, дизтоплива - до 7,5% и сжиженных углеводородных газов (СУГ) - также до 7,5%. ""С 10 марта ситуация на биржевых торгах стабильная, на АЗС рост цен в пределах инфляции. Этих мер достаточно для сохранения стабильной ситуации, но Минэнерго продолжает мониторинг на предмет дополнительных действий в случае необходимости"", - заключил замминистра. Демпфирующий механизм был создан для сдерживания цен на топливо на внутреннем рынке в России. В общих чертах, если экспортная цена бензина и дизтоплива выше условной внутрироссийской, то государство компенсирует нефтекомпаниям часть этой разницы, чтобы они не повышали цены в РФ. А если российские цены выше экспортных, то нефтяники делятся с государством частью своей сверхприбыли от внутренних продаж топлива.",True,True,False,False,False,False
514,514,30.05.2018,"ФАС выдала предупреждение ""Роснефти"" из-за снижения продаж топлива",https://www.finam.ru/analysis/newsitem/fas-vydala-preduprezhdenie-rosnefti-iz-za-snizheniya-prodazh-topliva-20180530-162148/,rosneft,16:21,30.05.2018,"ФАС выдала предупреждение ""Роснефти"", запросила данные у ""Газпрома"" и уведомила 5 компаний о необходимости исполнения обязательств. Об этом говорится в пресс-релизе ведомства. Компании снизили объемы продаж нефтепродуктов, что могло послужить причиной роста цен на бензины марки АИ-92, АИ-95 и дизельное топливо. ""Согласно данным Росстата рост розничных цен по состоянию на 20.05.2018 составил по бензину около 5,3% и на дизельное топливо около 5,9%. Рост розничных цен на АЗС имеет место по причине роста с марта этого года оптовых цен на нефтепродукты, в том числе вследствие недостаточности предложения нефтяными компаниями моторных топлив на биржевых торгах и во внебиржевом сегменте. Анализ ФАС России показывает, что имеется неудовлетворенный спрос на нефтепродукты, как в биржевом, так и во внебиржевом сегментах"", - отметил заместитель руководителя ФАС России Анатолий Голомолзин. Основная доля снижения объемов реализации нефтепродуктов приходится на ПАО ""НК ""Роснефть"". Кроме того, по ряду договоров, заключенных на биржевых торгах, были увеличены сроки отгрузки нефтепродуктов, что привело к несвоевременной поставке моторного топлива конечным потребителям. Так же в ФАС России поступают жалобы на действия компании, связанные с ограничением (снижением) объемов отгрузки нефтепродуктов мелким оптом. В связи с этим ПАО ""НК ""Роснефть"" выдано предупреждение о прекращении в срок до 8 июня 2018 года действий (бездействия), содержащих признаки нарушения антимонопольного законодательства. Компании надлежит обеспечить производство светлых нефтепродуктов и их устойчивую поставку на внутренний рынок в объеме, предусмотренном обязательствами по 4-х стороннему соглашению. Также ПАО ""НК ""Роснефть"" необходимо обеспечить достаточное предложение нефтепродуктов на внутреннем рынке путем увеличения производства и снижения их экспорта, предусмотреть недискриминационную реализацию моторных топлив. ФАС России запросила у ООО ""Газпром нефтехим Салават"", ПАО ""Газпром"" и ПАО ""Газпром нефть"" в срок до 3.06.2018 года представить технико-экономическое обоснование увеличения отгрузки на экспорт прямогонных бензинов при одновременном изъятии их из своего технологического производства на фоне наличия неудовлетворенного спроса на нефтепродукты на внутреннем рынке. По информации, находящейся в распоряжении ФАС России, в апреле 2018 года по сравнению с мартом 2018 года компания ""Газпром нефтехим Салават"" увеличила в 4,7 раза отгрузку на экспорт прямогонных бензинов (нафта), компания ""Газпром"" в период с января по апрель 2018 года в сравнении с аналогичным периодом прошлого года увеличило отгрузку на экспорт прямогонных бензинов (нафта) на 9%, а ПАО ""Газпром нефть"" - на 58,6%. В целях недопущения нарушения антимонопольного законодательства и обеспечения потребности конечных потребителей моторным топливом ФАС России считает необходимым компаниям принять меры по увеличению производства и поставки автомобильных бензинов и дизельного топлива на внутренней рынок. В отношении компаний ОАО ""ТАИФ-НК"", АО ""ФортеИнвест"", ОАО ""Сургутнефтегаз"", ПАО ""Татнефть"" и АО ""Антипинский НПЗ"" направлены уведомления об исполнении обязательств по четырехсторонним соглашениям. По итогам мониторинга исполнения соглашений за первый квартал 2018 года компаниями не были соблюдены обязательства по поставке светлых нефтепродуктов на внутренний рынок. ""В 4-х сторонних соглашениях содержится оговорка о том, что в случае неисполнения обязательств по производству светлых нефтепродуктов в объемах, необходимых для обеспечения поставок на внутренний рынок, может быть рассмотрен вопрос об обеспечении соблюдения требований антимонопольного законодательства, в том числе о выдаче предупреждений"", - прокомментировал Анатолий Голомолзин.",True,True,False,False,False,False
548,548,10.04.2018,"ФАС выдала предупреждение ""Роснефти"" о нарушении антимонопольного закона",https://www.finam.ru/analysis/newsitem/fas-rossii-vydala-preduprezhdenie-rosnefti-o-narushenii-antimonopolnogo-zakona-20180410-102453/,rosneft,10:24,10.04.2018,"""Роснефть"" снизила объемы продаж автомобильных бензинов при одновременном приобретении на биржевых торгах существенной части объемов на базисе поставки ""Сургутнефтегаза"" автомобильного бензина марки Аи-92. Об этом сообщило ведомство. По мнению ФАС России, такие действия создали дискриминационные условия, затрудняющие приобретение биржевого товара независимыми участниками рынка, и ограничили предложение свободных объемов товара на биржевых торгах, что, в свою очередь, могло привести к созданию дисбаланса спроса и предложения. В результате вышеуказанных действий в период с 28 марта по 3 апреля 2018 года рост биржевого индекса на этом базисе составил около 2%. В связи с наличием в действиях ""Роснефти"" признаков нарушения антимонопольного законодательства, выразившихся в создании дискриминационных условий и ущемлении интересов неопределенного круга потребителей, ФАС России выдала компании предупреждение о необходимости прекращения указанных действий путем принятия мер по устранению последствий такого нарушения в срок до 17 апреля 2018 года.",True,True,False,False,False,False
567,567,13.03.2018,ФАС России прекратила рассмотрение дела в отношении Sakhalin Energy,https://www.finam.ru/analysis/newsitem/fas-rossii-prekratila-rassmotrenie-dela-v-otnoshenii-sakhalin-energy-20180313-103510/,rosneft,10:35,13.03.2018,"ФАС России прекратила рассмотрение дела в отношении Sakhalin Energy. По мнению антимонопольной службы, защита прав и законных интересов ""Роснефти"" обеспечена решением суда. Ранее в ФАС России обратилась ""Роснефть"" в связи с отказом Sakhalin Energy Investment Company Ltd от заключения договора присоединения к мощностям Транссахалинской трубопроводной системы. В ходе рассмотрения дела в антимонопольном ведомстве ""Роснефть"" также обратилось за защитой своих законных интересов в Арбитражный суд. В связи с этим, ФАС России приостановила рассмотрение дела до вынесения решения судом. В рамках судебных разбирательств исковые требования ""Роснефти"" были удовлетворены. Суд установил факт нарушения антимонопольного законодательства и обеспечил защиту прав и законных интересов компании.",True,False,False,False,True,False
650,650,03.11.2017,"ФАС ждет от ""Роснефти"" выполнения предписания по продаже части АЗС",https://www.finam.ru/analysis/newsitem/fas-zhdet-ot-rosnefti-vypolneniya-predpisaniya-po-prodazhe-chasti-azs-20171103-155357/,rosneft,15:53,03.11.2017,"ФАС России проинформировала ""Роснефть"" о необходимости провести торги по продаже АЗС в Курганской, Ульяновской, Смоленской, Самарской, Саратовской и Челябинской областях, а также в Республике Башкортостан. Это требование установлено в рамках предписания ФАС России, выданного после приобретения ""Роснефтью"" контрольного пакета голосующих акций ПАО ""АНК ""Башнефть"". В предписании оговаривалась необходимость провести торги по продаже автозаправочных станций в ряде регионов для приведения совокупной доли по объемам реализации автомобильных бензинов и дизельного топлива до уровня, не превышающего 50%. При этом допускается сохранение совокупной доли объемов реализации автомобильных бензинов и дизельного топлива группы лиц ПАО ""НК ""Роснефть"" и группы лиц ПАО АНК ""Башнефть"" в размере доли ПАО ""НК ""Роснефть"", которая существовала на момент совершения сделок, независимо от ее размера. ""ФАС России в настоящее время анализирует, в какой мере исполнено предписание, и какие меры будут предложены нефтяной компанией для того, чтобы реализовать его в полной мере. Ведомство ожидает от НК ""Роснефть"" вариантов выполнения предписания по продаже части АЗС"", - подчеркнул начальник Управления регулирования ТЭК ФАС России Дмитрий Махонин.",True,False,False,False,False,True
686,686,14.09.2017,"""Роснефть"" просит суд признать незаконными решения и предписания ФАС РФ",https://www.finam.ru/analysis/newsitem/rosneft-prosit-sud-priznat-nezakonnymi-resheniya-i-predpisaniya-fas-rf-20170914-193744/,rosneft,19:37,14.09.2017,"""Роснефть"" подала в Арбитражный суд Москвы пять заявлений, в которых просит признать незаконными решения и предписания ФАС РФ, вынесенные в адрес компании 14 августа. Это следует из информации в картотеке дел суда. ФАС в августе выявила нарушения в проведении пяти закупок ""Роснефти"" на поставку труб. ",True,False,False,False,True,True
871,871,31.01.2017,"ФАС выдала предупреждения ""Роснефти"" и ""Газпрому""",https://www.finam.ru/analysis/newsitem/fas-vydala-preduprezhdeniya-rosnefti-i-gazpromu-20170131-14209/,rosneft,14:20,31.01.2017,"27 января 2017 года Федеральная антимонопольная служба (ФАС России) выдала предупреждения ПАО ""НК ""Роснефть"" и АО ""Газпром газэнергосеть"". Признаки нарушения выразились в создании дискриминационных условий и ущемлении интересов неопределенного круга потребителей, путем неисполнения критериев регулярности и равномерности реализации товара на бирже для отдельных товарных рынков, на которых обращаются нефть и нефтепродукты, говорится в сообщении ведомства. Согласно предупреждению, компаниям необходимо принять меры по устранению последствий такого нарушения в срок до 6 февраля 2017 года, а именно: - Требований совместного приказа в части реализации на биржевых торгах автомобильного бензина в объеме не менее 10% от произведенных в соответствующем месяце объемов автомобильного бензина с базисов НПЗ, с обеспечением равных, недискриминационных условий по способам поставки товара как железнодорожным транспортом, так и магистральным трубопроводом; - Критериев регулярности и равномерности реализации товара, в части распределения годовых объемов реализации нефти и (или) нефтепродуктов на биржевых торгах по каждому виду соответствующего биржевого товара, реализуемого им и (или) его агентом на биржевых торгах, по месяцам календарного года в размере не менее величины, установленной Совместным приказом, равномерно по дням, торговым сессиям и базисам поставки; - Исполнения требований, установленных стандартом, в части принципов реализации автомобильных бензинов на внутренний рынок Российской Федерации.",True,True,False,False,False,False
885,885,13.01.2017,"ФАС: Сделка группы ""Сафмар"" по приобретению ""М.Видео"" не вызывает беспокойства",https://www.finam.ru/analysis/newsitem/fas-sdelka-gruppy-safmar-po-priobreteniyu-m-video-ne-vyzyvaet-bespokoiystva-20170113-15100/,rosneft,15:10,13.01.2017,"Сделка группы ""Сафмар"" по приобретению ""М.Видео"" не вызывает беспокойства у ФАС. Об этом рассказал журналистам глава ведомства Игорь Артемьев в кулуарах ""Гайдаровского форума-2017"", организованного РАНХиГС и Институтом экономической политики имени Егора Гайдара. Артемьев отметил, что тем не менее ведомство ""посчитает рынок"", и если общая доля окажется более 50%, будут выданы те же предписания, что и в случае с ""Роснефтью"", по продаже магазинов.",True,False,False,False,False,True
920,920,08.12.2016,"ФАС: Сделка по приобретению 19,5% акций ""Роснефти"" совершена на законных основаниях",https://www.finam.ru/analysis/newsitem/fas-sdelka-po-priobreteniyu-19-5-akciiy-rosnefti-sovershena-na-zakonnyx-osnovaniyax-20161208-131624/,rosneft,13:16,08.12.2016,"Сделка по приобретению 19,5% акций ""Роснефти"" не требует вынесения на рассмотрение Правительственной комиссии, говорится в сообщении ФАС. ""На своевременный запрос ""Роснефти"" ФАС России вынесла заключение о том, что сделка по приобретению 19,5% акций компании не требует вынесения на рассмотрение Правительственной комиссии. В соответствии с законодательством ""Роснефть"" должна направить в антимонопольный орган уведомление о совершении сделки в установленный законом срок"", - сообщает руководитель ФАС России Игорь Артемьев. ""Ведомство проинформировало всех участников сделки о том, что ее согласование не требуется по 57-му Закону об осуществлении иностранных инвестиций в хозяйственные общества, имеющие стратегическое значение. Таким образом, сделка совершена на законных основаниях"", - добавил глава ФАС.",True,False,False,False,True,False
927,927,29.11.2016,"ФАС разрешила ""Роснефти"" купить ""Башнефть""",https://www.finam.ru/analysis/newsitem/fas-razreshila-rosnefti-kupit-bashneft-20161129-132424/,rosneft,13:24,29.11.2016,"ФАС России рассмотрела ходатайство ПАО ""НК ""Роснефть"" о приобретении голосующих акций ПАО АНК ""Башнефть"" и одобрила его, но выдала предписание с определенными требованиями, говорится в ведомстве. Компании следует продать автозаправочные станции в течение двух лет в тех регионах, где совокупная доля на розничных рынках моторного топлива НК ""Роснефть"" и АНК ""Башнефть"" превысит 50%.  Кроме того, обществу предписано продавать на товарной бирже нефтепродукты (автомобильный бензин, мазут, дизельное топливо, авиационный керосин на базисе НПЗ ПАО ""АНК"" Башнефть"") в соответствии с приказом ФАС России и Минэнерго, а также с соблюдением критериев равномерности и регулярности реализации товара на бирже утвержденных постановлением правительства Российской Федерации. Также НК ""Роснефть"" должна разработать и представить на согласование в ФАС России изменения в торговую политику в части развития мелкооптовой реализации нефтепродуктов. По мнению антимонопольного ведомства, такие действия обеспечат публичность и доступность информации о порядке ценообразования, недопустимость экономически и технологически необоснованных отказов от заключения договоров с покупателями.",True,False,False,False,False,True
991,991,14.09.2016,"ФАС предписала ""Роснефти"" упростить требования к поставщикам нефтепроводных труб",https://www.finam.ru/analysis/newsitem/fas-predpisala-rosnefti-uprostit-trebovaniya-k-postavshikam-nefteprovodnyx-trub-20160914-20295/,rosneft,20:29,14.09.2016,"ФАС предписала ""Роснефти"" упростить требования к поставщикам нефтепроводных труб. Об этом говорится на сайте Федеральной антимонопольной службы. В постановлении ведомства сообщается, что заказчик нарушает пункт 2 части 10 статьи 4 закона о закупках, ответственность за совершение которого предусмотрена частью 7 статьи 7.32.3 Кодекса РФ об административных правонарушениях. В конце июля ""Роснефть"" объявила конкурс на покупку нефтепроводных труб общей стоимостью около 12 млрд руб. Планировалось, что заявка будет реализована до 21 октября 2016 года.",True,False,False,False,False,True
1211,1211,30.10.2015,"ФАС возбудила дело против ""дочки"" ""Роснефти"" из-за высоких цен на бензин",https://www.finam.ru/analysis/newsitem/fas-vozbudila-delo-protiv-dochki-rosnefti-iz-za-vysokix-cen-na-benzin-20151030-19057/,rosneft,19:05,30.10.2015,"Управление Федеральной антимонопольной службы по Московской области возбудило дело в отношении дочерней компании ""Роснефти"" ""РН-Москва"" в связи с высокими ценами на бензин, говорится в сообщении ведомства. ""Московским областным УФАС России возбуждено дело в отношении АО ""РН-Москва"" о нарушении антимонопольного законодательства по признакам нарушения закона о защите конкуренции, в части злоупотребления хозяйствующим субъектом доминирующим положением на рынке розничной реализации автомобильного бензина АИ-92, АИ-95, АИ-98 на территории Московской области"", - следует из сообщения. Поводом к возбуждению дела послужили поступившие в адрес управления обращения жителей Московской области о повышении цен на автомобильное топливо, реализуемое на территории Московской области.",True,False,False,True,False,False
1225,1225,15.10.2015,"ФАС возбудила дело о сговоре на рынке нефтепогружного кабеля по заявлению ""Роснефти""",https://www.finam.ru/analysis/newsitem/fas-vozbudila-delo-o-sgovore-na-rynke-neftepogruzhnogo-kabelya-po-zayavleniyu-rosnefti-20151015-141237/,rosneft,14:12,15.10.2015,"ФАС России возбудила дело в отношении АО ""Кабельный завод ""Кавказкабель"", ОАО ""РОССКАТ"", ООО ""Холдинг Кабельный Альянс"", ООО ""Камский кабель"" по признакам нарушения федерального закона ""О защите конкуренции"". Основанием для возбуждения дела послужили результаты внеплановых выездных проверок, инициированных по заявлению ОАО ""НК ""Роснефть"", говорится в сообщении антимонопольного ведомства. ФАС России подозревает названные выше предприятия в сговоре при участии в конкурентной процедуре, проводимой ОАО ""НК ""Роснефть"" с целью закупки нефтепогружного кабеля для нужд его дочерних предприятий во втором полугодии 2014 года. ""Эффективность выездных проверок во многом обусловлена слаженным и четким взаимодействием ФАС и МВД России. Учитывая, что общая сумма закупки превышает 1 млрд рублей, а возможный ущерб ""Роснефти"" может составить сотни миллионов рублей, в действиях производителей кабеля также усматриваются признаки преступления, предусмотренного ст. 178 УК РФ"", - говорится в пресс-релизе. По имеющимся у ФАС России сведениям, цены на нефтепогружной кабель повысились на 20-30% по сравнению с первым полугодием 2014 года. При этом на момент проведения закупки отсутствовали объективные экономические предпосылки для такого повышения цен на кабельную продукцию.  ""Комиссия ФАС России в ближайшее время изучит материалы, полученные при проведении внеплановых выездных проверок поставщиков кабельно-проводниковой продукции, и вынесет решение по делу. Закупки госкомпаний - сфера, ежегодный оборот которой составляет значительную долю ВВП страны. Мы просим компании, проводящие процедуры конкурентных закупок, при выявлении признаков нарушений и подозрении участников торгов в сговоре обращаться в ФАС России. Антимонопольный орган сможет провести надлежащее расследование и в случае выявления нарушений наказать виновных лиц"", - сообщается в релизе ФАС.",True,False,False,True,True,False
1226,1226,14.10.2015,"ФАС России возбудила дело против Минприроды с участием ""Роснефти"" и Росгеологии",https://www.finam.ru/analysis/newsitem/fas-rossii-vozbudila-delo-protiv-minprirody-s-uchastiem-rosnefti-i-rosgeologii-20151014-134925/,rosneft,13:49,14.10.2015,"ФАС России возбудила дело против Минприроды по факту внесения изменений в порядок рассмотрения заявок на получение права пользования недрами для геологического изучения, говорится в сообщении ведомства. Рассмотрение дела назначено на 26 октября 2015 года. В качестве заинтересованных лиц ФАС называет ""Роснефть"" и Росгеологию. ""ОАО ""Нефтяная компания ""Роснефть"", ОАО ""Росгеология"" в течение 3 рабочих дней с момента получения настоящего определения представить в адрес ФАС России письменную позицию по существу дела"", - говорится в сообщении антимонопольной службы.",True,False,False,True,False,False
1299,1299,15.07.2015,"ФАС возбудила административные дела против ""Роснефти"" и ""дочки"" ""Газпрома""",https://www.finam.ru/analysis/newsitem/fas-vozbudila-administrativnye-dela-protiv-rosnefti-i-dochki-gazproma-20150715-195037/,rosneft,19:50,15.07.2015,"Федеральная антимонопольная служба возбудила административные дела против ""Роснефти"" и ""дочки"" ""Газпрома"" - ""Газпром газэнергосети"", следует из материалов ведомства. Как сообщает ФАС, компании не предоставляли информацию о внебиржевых сделках по продаже нефтепродуктов на Санкт-Петербургскую международную товарно-сырьевую биржу с 1 по 31 января 2015 года.",True,False,False,True,False,False
1401,1401,27.03.2015,"""Роснефть"" согласовала с ФАС принципы ценообразования и порядок реализации нефтепродуктов в РФ",https://www.finam.ru/analysis/newsitem/rosneft-i-fas-soglasovali-principy-cenoobrazovaniya-i-poryadok-realizacii-nefteproduktov-v-rf-20150327-141051/,rosneft,14:10,27.03.2015,"ОАО ""НК ""Роснефть"" и Федеральная антимонопольная служба России согласовали стандарт, регламентирующий принципы ценообразования и порядок реализации компанией моторного топлива на внутреннем рынке РФ. Об этом говорится в сообщении ""Роснефти"". Стандарт определяет основные принципы формирования цен и общий порядок реализации автомобильных бензинов и дизельного топлива в России в соответствии с действующим законодательством. Его разработка и согласование была предписана ФАС в рамках приобретения ""Роснефтью"" компании ТНК-ВР. Согласно стандарту, ""Роснефть"" обязуется реализовывать моторное топливо всем контрагентам на внутреннем рынке, включая дочерние и зависимые общества, по единым крупнооптовым ценам, рассчитанным на основе цен собственных биржевых продаж с учетом рыночных ценовых индикаторов, в том числе экспортной альтернативы, а так же не допускать дискриминации всех участников рынка.",True,False,False,False,False,True
1419,1419,19.02.2015,"Суд отказал ""Роснефти"" в доступе к трубе ""Сахалина-2""",https://www.finam.ru/analysis/newsitem/sud-otkazal-rosnefti-v-dostupe-k-trube-saxalina-2-20150219-123130/,rosneft,12:31,19.02.2015,"Арбитражный суд Сахалинской области отказал НК ""Роснефть"" в удовлетворении иска к Sakhalin Energy о доступе к свободным мощностям магистрального газопровода проекта ""Сахалин-2"" . Об этом говорится в материалах картотеки арбитражных дел. ""В иске отказать полностью"", - говорится в материалах дела. Подробностей с заседания, где было вынесено решение, суд не сообщает. ""Роснефть"" подала иск 7 июля 2014 года к компании Sakhalin Energy об обязании ответчика обеспечить недискриминационный доступ истца к трубе проекта ""Сахалин-2"", выдав ""Роснефти"" технические условия и точки подключения к ГТС ""Сахалин-2""для транспортировки природного газа в объеме до 8 млрд куб м в год. 14 августа ФАС возбудила дело против Sakhalin Energy об отказе в доступе ""Роснефти"" к газотранспортной инфраструктуре проекта ""Сахалин-2"". ФАС нашла признаки нарушения антимонопольного законодательства, в соответствии с которым надлежало в срок до 31 июля 2014 года рассмотреть поступившие заявки ОАО ""НК ""Роснефть""",True,False,False,True,True,False
1479,1479,08.12.2014,"События предстоящего дня: Путин проведет совещание с членами правительства, состоится заседание совета директоров ""Роснефти""",https://www.finam.ru/analysis/newsitem/sobytiya-predstoyashego-dnya-putin-provedet-soveshanie-s-chlenami-pravitelstva-sostoitsya-zasedanie-soveta-direktorov-rosnefti-20141208-21008/,rosneft,21:00,08.12.2014,"Во вторник, 9 декабря, президент России Владимир Путин проведет очередное совещание с членами правительства. В ходе совещания будут рассмотрены вопросы практической реализации задач, поставленных в послании президента Федеральному собранию. Также завтра состоится заседание совета директоров НК ""Роснефть"", в ходе которого предстоит утвердить стратегию развития компании до 2030 года. Кроме того, члены совета рассмотрят долгосрочную программу развития, вопросы о повышении эффективности и прозрачности деятельности, а также о повышении производительности труда в компании. На завтра запланировано заседание совета директоров продуктового ритейлера ""ДИКСИ"". На повестке дня вопрос об отказе от размещения на фондовой бирже ЗАО ""ФБ ММВБ"" биржевых облигаций компании. Кроме того, состоится заседание совета директоров ""Мосэнергосбыта"". На рассмотрение совета вынесены вопросы о предоставлении отчета по предписанию ФАС России, об установлении лимита стоимостных параметров заимствования на I квартал 2015 года и об одобрении сделок, в совершении которых имеется заинтересованность. Также 9 декабря закроется реестр акционеров для участия в ВОСА Торгового дома ""ГУМ"". Внеочередное общее собрание акционеров компании состоится 12 января 2015 года. На повестке дня определение количества, номинальной стоимости, категории объявленных акций и прав, предоставляемых ими. А также утверждение устава Торгового дома ""ГУМ"" в новой редакции и одобрение сделок с заинтересованностью.",True,False,False,False,True,True
1483,1483,02.12.2014,"ФАС возбудила дело против ""Газпрома"" по жалобе ""Роснефти""",https://www.finam.ru/analysis/newsitem/fas-vozbudila-delo-protiv-gazproma-po-zhalobe-rosnefti-20141202-1246/,rosneft,12:46,02.12.2014,"ФАС возбудила дело об административном правонарушении против ОАО ""Газпром"" в связи с непредставлением информации в рамках дела о доступе ОАО ""НК ""Роснефть"" к сахалинской трубе, говорится в сообщении ведомства.  В отношении ""Газпрома"" возбуждено дело по признакам нарушения части 1 статьи 25 закона о защите конкуренции, выразившегося в непредставлении в федеральный антимонопольный орган документов. ФАС намерена провести административное расследование.",True,False,False,True,False,False
1505,1505,05.11.2014,"ФАС РФ возбудила дело в отношении ""Башнефти"", ""Роснефти"", ""ЛУКОЙЛа"" и ""ЛУКОЙЛ-Резервнефтепродукта"" по признакам манипулирования на бирже",https://www.finam.ru/analysis/newsitem/fas-rf-vozbudila-delo-v-otnoshenii-bashnefti-rosnefti-lukoiyla-i-lukoiyl-rezervnefteprodukta-po-priznakam-manipulirovaniya-na-birzhe-20141105-1650/,rosneft,16:50,05.11.2014,"ФАС России возбудила дело в отношении ""АНК ""Башнефть"", ""НК ""Роснефть"", ""НК ""ЛУКОЙЛ"" и ""ЛУКОЙЛ-Резервнефтепродукт"" по признакам манипулирования на бирже, говорится в сообщении ведомства. Ранее по результатам анализа мониторингов рынка нефтепродуктов ФАС России установила, что в период с января по сентябрь 2014 года во внебиржевом крупнооптовом сегменте рост цен на автомобильные бензины марок АИ-92 и АИ-95 составил порядка 20%. В биржевом крупнооптовом сегменте рынка рост цен на автомобильные бензины марки АИ-92 составил 34%, на автомобильный бензин марки АИ-95 - 35%. ""Такая ситуация стала одной из причин повышения цен в розничном сегменте рынка нефтепродуктов, - заявил начальник Управления контроля ТЭК Дмитрий Махонин. - Так, по данным Росстата с начала года при общем уровне инфляции в 6,3% рост цен на автомобильный бензин марки АИ-92 составил 10%, автомобильный бензин АИ-95 - 7,8%"". По результатам анализа мониторингов установлено, что одной из причин роста оптовых цен на автомобильные бензины является рост биржевых цен на Санкт-Петербургской Международной Товарно-сырьевой Бирже. В целях выявления причин роста цен на бензины на биржевых торгах, Управление контроля ТЭК запросило реестры всех сделок, заключенных на биржевых торгах нефтепродуктами и зарегистрированных в системе электронных торгов ""СПбМТСБ"" за период с января по сентябрь 2014 года. В результате анализа на базисе Уфимской группы НПЗ было зафиксировано значительное количество ""секундных"" сделок на биржевых торгах на продажу со стороны ""Башнефти"" и на покупку нефтепродуктов со стороны ""Роснефти"" и ""ЛУКОЙЛ-Резервнефтепродукт"". Анализ характеристик этих сделок позволил ФАС сделать вывод о возможном наличии манипуляции на биржевых торгах вышеуказанными компаниями.",True,False,False,True,False,False
1541,1541,03.10.2014,"ФАС возбудила дело против ""Роснефти"" за неисполнение предписания по продаже части АЗС",https://www.finam.ru/analysis/newsitem/fas-vozbudila-delo-protiv-rosnefti-za-neispolnenie-predpisaniya-po-prodazhe-chasti-azs-20141003-1840/,rosneft,18:40,03.10.2014,"Федеральная антимонопольная служба (ФАС) России приняла решение возбудить против НК ""Роснефть"" дело по признакам нарушения закона о защите конкуренции. Об этом сообщается в материалах службы. Компания обвиняется в неисполнении предписания ФАС о продаже четырнадцати АЗС, принадлежавших ранее ТНК-BP. В частности, речь идет об трех АЗС- в Орловской области, двух АЗС — в Смоленской области, пяти АЗС — в Тамбовской области, одной АЗС — в Саратовской области и трех АЗС — в Самарской области. Ведомство постановило провести административное расследование.",True,False,False,True,False,True
1583,1583,14.08.2014,"ФАС РФ возбудила дело против Sakhalin Energy об отказе в доступе ""Роснефти"" к газопроводу ""Сахалин-2""",https://www.finam.ru/analysis/newsitem/fas-rf-vozbudila-delo-protiv-sakhalin-energy-ob-otkaze-v-dostupe-rosnefti-k-gazoprovodu-saxalin-2-20140814-1922/,rosneft,19:22,14.08.2014,"ФАС возбудила дело против Sakhalin Energy об отказе в доступе ""Роснефти"" к газотранспортной инфраструктуре проекта ""Сахалин-2"", говорится в сообщении ведомства. ФАС нашла признаки нарушения антимонопольного законодательства, в соответствии с которым надлежало в срок до 31 июля 2014 года рассмотреть поступившие заявки ОАО ""НК ""Роснефть"" и, в случае наличия экономической и технологической возможности, принять решение о заключении договоров подключения к транссахалинской трубопроводной системе, принадлежащей ""Сахалин Энерджи Инвестмент Компани Лтд."", а также о предоставлении услуг по транспортировке газа по этому газопроводу. Компания ""Сахалин Энерджи Инвестмент Компани Лтд."" во исполнение предупреждения сообщила ФАС России об отсутствии технологической возможности в заключении договоров подключения к транссахалинской трубопроводной системе, при этом компания не представила документы, подтверждающие отсутствие технологической возможности заключения договора подключения.",True,True,False,True,False,False
1628,1628,10.07.2014,"ФАС призывает Sakhalin Energy допустить ""Роснефть"" к транссахалинской трубопроводной системе",https://www.finam.ru/analysis/newsitem/fas-prizyvaet-sakhalin-energy-dopustit-rosneft-k-transsaxalinskoiy-truboprovodnoiy-sisteme-20140710-1900/,rosneft,19:00,10.07.2014,"Федеральная антимонопольная служба России предлагает Сахалин Энерджи (оператор проекта ""Сахалин 2"") заключить договор с ""Роснефтью"" по подключению к транссахалинской трубопроводной системе, сообщает ФАС. Ранее НК ""Роснефть"" направила в ФАС заявление о нарушении компанией ""Сахалин Энерджи Инвестмент Компани Лтд."" антимонопольного законодательства, что выражалось в отказе заключения договоров подключения (технологического присоединения) к транссахалинской трубопроводной системе, принадлежащей консорциуму проекта ""Сахалин-2"", и предоставления услуг по транспортировке газа по данному газопроводу. В ответ на обращение ""Роснефти"" компания ""Сахалин Энерджи"" ответила, что вопрос предоставления условий на подключение к инфраструктуре газопровода находятся в компетенции акционеров компании, то есть фактически отказала в заключении вышеуказанных договоров. В связи с наличием в действиях ""Сахалин Энерджи"" признаков нарушения антимонопольного законодательства ФАС России предупреждает компанию о необходимости до 31 июля 2014 года прекратить указанные действия и принять не позднее двух месяцев с момента получения предупреждения решения о заключении договоров подключения ""Роснефти"" к транссахалинской трубопроводной системе.",True,True,False,False,False,False
1697,1697,07.05.2014,"""Роснефть"" продает 101 АЗС в шести регионах РФ по предписанию ФАС",https://www.finam.ru/analysis/newsitem/rosneft-prodaet-101-azs-v-shesti-regionax-rf-po-predpisaniyu-fas-20140507-1143/,rosneft,11:43,07.05.2014,"""Роснефть"" осуществляет продажу ряда АЗС в соответствии с предписанием Федеральной антимонопольной службы России о необходимости сократить свою долю на рынках розничной реализации нефтепродуктов в тех регионах РФ, где доля компании на рынке превысила 50% после покупки активов ТНК-ВР, говорится в сообщении НК.  ",True,False,False,False,False,True
1981,1981,29.07.2013,"ФАС России предписала ""Роснефти"" продать часть АЗС в шести областях",https://www.finam.ru/analysis/newsitem766C5/,rosneft,18:14,29.07.2013,"Федеральная антимонопольная служба (ФАС России) выявила регионы с долей розничной реализации нефтепродуктов ОАО ""НК ""Роснефть"" в результате покупки компании ТНК-ВР превышающей 50%, сообщили в ведомстве По результатам анализа, установлено, ФАС России вынесло ОАО ""НК ""Роснефть"" предписание, согласно которому компания должна продать часть автозаправочных станций (АЗС) в Орловской, Смоленской, Тамбовской, Костромской, Саратовской и Самарской областях. Размер снижения долей ОАО ""НК ""Роснефть"" в розничном сегменте рынка нефтепродуктов варьируется от 0,07% до 20,25%. Кроме того, в настоящее время в ФАС России на согласовании находятся разработанные ОАО ""НК ""Роснефть"" торговые практики, которые предусматривают общие принципы ценообразования компании и порядок реализации моторного топлива на внутреннем рынке РФ. Рассмотрение этих торговых практик планируется в ближайшее время.",True,False,False,False,True,True
2179,2179,18.01.2013,"ФАС разрешила ""Роснефти"" консолидировать ТНК-ВР",https://www.finam.ru/analysis/newsitem6FEDF/,rosneft,12:51,18.01.2013,"Федеральная антимонопольная служба разрешила ОАО ""Нефтяная компания ""Роснефть"" приобрести 100% голосующих акций компании TNK-BP Limited и 100% голосующих акций компании TNK Industrial Holdings Limited с определенными условиями, говорится в сообщении ведомства.  В течение 2 месяцев с момента приобретения ТНК-ВР ""Роснефть"" получит у ФАС информацию о регионах РФ, в которых по результатам сделок, совокупная доля объемов реализации автомобильных бензинов и дизельного топлива группы лиц превысила 50%. После чего в течение одного года компания должна в указанных регионах провести торги по продаже АЗС с целью приведения совокупной доли до уровня, не превышающего 50%. При этом ведомства допускает сохранение совокупной доли объемов ""Роснефти"" и ""ТНК-ВР Холдинг"", которая существовала на момент совершения сделок, заявленных в ходатайстве, независимо от ее размера.  В соответствии с предписание ФАС, ""Роснефть"" должно обеспечить реализацию на товарной бирже не менее 10% от ежемесячного объема производства для внутреннего рынка РФ автомобильных бензинов, дизельного топлива, топлива для реактивных двигателей и мазута с момента приобретения 100% голосующих акций компании TNK-BP Limited и 100% голосующих акций компании TNK Industrial Holdings Limited и до момента вступления в законную силу совместного приказа ФАС и Минэнерго ""Об установлении минимальной величины продаваемых на биржевых торгах нефти и нефтепродуктов, производимых и (или) реализуемых хозяйствующим субъектам, занимающим доминирующее положение на соответствующих товарных рынках"".  В течение трех месяцев с момента сделки российская нефтяная компания обязана представить на согласование в ФАС России ""Порядок ценообразования и общие принципы реализации автомобильных бензинов и дизельного топлива на оптовых рынках на территории РФ"". Политика компании в этом случае должна основываться на следующих принципах: - преимущественное удовлетворение потребностей в нефтепродуктах на внутреннем рынке Российской Федерации, равнодоступность и равные условия сделок для всех контрагентов; -единый для всех контрагентов порядок ценообразования; -публичность и доступность информации о порядке ценообразования;  -недопустимость экономически и (или) технологически необоснованных отказов от заключения договоров с покупателями. Также ФАС обязал ""Роснефть"" не позднее 6 месяцев с момента приобретения ТНК-ВР разработать и представить на согласование методику, определяющую порядок ведения организациями, входящими в компанию.  Данное решение ведомство приняло 29 декабря 2012 года. ",True,False,False,False,False,True
2401,2401,12.04.2012,"ФАС РФ разрешила ""Роснефти"", АФК ""Система"", ТЭК ""Евротранс"" и ""ТрансЕвроГазу"" приобрести ""СГ-Транс"" и отказала в покупке ""Газпрому""",https://www.finam.ru/analysis/newsitem66071/,rosneft,16:13,12.04.2012,"Федеральная антимонопольная служба России удовлетворила ходатайство ООО ""Петролсиб-Сервис"", входящего в ООО ""ТЭК ""Евротранс"", ЗАО ""РН-Транс"", структуры ""Роснефти"", ООО ""ТрансЕвроГаз"" и ОАО ""АФК ""Система"" о приобретении 100% голосующих акций ОАО ""СГ-транс"", занимающегося транспортировкой сжиженных газов железнодорожным транспортом, говорится в сообщении ведомства. Вместе с тем ФАС вынесла для компаний ряд предписаний, направленных на сохранение конкуренции и необходимых к исполнению в случае совершения сделки. В то же время ФАС отказала в покупке ""СГ-Транс"" транспортной ""дочке"" ""Газпрома"" ООО ""Газпромтранс"", поскольку усмотрела в сделке ограничение конкуренции на рынках природного газа, сжиженного углеводородного газа и услуг по их транспортировке. В настоящее время 100% акций ""СГ-Транс"" находится во владении Росимущества. Чистая прибыль компании в 2011 году по РСБУ выросла на 28,5%, до 403,6 млн рублей.",True,False,False,False,True,True
2454,11,09.07.2021,Рынок восстанавливается - покупают бумаги металлургов,https://www.finam.ru/analysis/newsitem/rynok-vosstanavlivaetsya-pokupayut-bumagi-metallurgov-20210709-150518/,bashneft-ank-ao,15:05,09.07.2021,"Российский рынок перешел к росту после вчерашнего падения. В середине дня индекс МосБиржи прибавляет 0,27% и торгуется на уровне 3871,48 пункта, а РТС растет на 0,93% - до 1642,83 пункта. В ТОПе компаний, входящих в индекс МосБиржи, сейчас акции ""АЛРОСА"" (+1,01%), которая хорошо отчиталась за июнь 2021 года. Ее продажи за месяц выросли на 12%. В лидерах также значатся ""РусАгро"" (+4,46%), ""Фармсинтез"" (+2,23%), ""Башнефть"" (+1,25%) и группа металлургов – ""Северсталь"", НЛМК (по +3,24%) и ММК (+3,04%). Сегодня защитным активом выглядят бумаги ""Башнефти"" в силу ожидаемого улучшения финансовых показателей компании, говорит Александр Осин, аналитик управления торговых операций на российском фондовом рынке ""Фридом Финанс"". Но следует помнить, что в понедельник последний день, когда ""префы"" ""Башнефти"" будут торговаться с дивидендами. Что касается ""Северстали"", то она намерена существенно снизить цены на горячекатаный плоский прокат в августе 2021 года в сравнении с аналогичными ценами июля, как этого требует ФАС. Ранее представители ММК также сообщили, что приняли участие в заседании комиссии ФАС и привели аргументы, указывающие на то, что рост цен на рынке горячего проката якобы обусловлен объективными рыночными факторами, и в действиях компании нет нарушения монопольного законодательства. Вероятно, данная информация поддержала бумаги металлургов.  Как видно по данным сырьевого рынка, в настоящий момент цены на промышленные металлы и нефть пытаются подрасти. Так, текущий фьючерс на алюминий торгуется на отметке 2492 доллара (+2,05%), никель – 18710 долларов (+2,08%), на платину – 1086,3 доллара (+1,1%). Цены на нефть марки Brent повышаются на 0,88% - до 74,77 доллара за баррель – благодаря позитивной статистике по запасам в США. Но все же ситуация в нефти остается волатильной из-за отсутствия решения ОПЕК+ по уровню добычи. А вот наиболее ощутимый спад во время дневной сессии ощущают привилегированные и обыкновенные акции ""Ростелекома"" (-3,93% и -3,3% соответственно) ввиду дивидендной отсечки, а также бумаги ""Полюса"" (-2,06%) и ""М.видео"" (-1,44%). У рубля тем временем дела складываются примерно так же – он снижается по отношению к доллару на 0,65% - до 74,255. Дмитрий Полевой, директор по инвестициям ""Локо-Инвест"", полагает, что сегодня ""россиянин"" останется на том же уровне. Более того, он может провести в диапазоне 74-75 за доллар всю следующую неделю, предупреждает Владимир Зотов, операционный директор казначейства УБРиР. Одним из факторов снижения рубля выступает желание инвесторов уйти от рисков, связанных с распространением штамма COVID-19 ""Дельта"". Эти же опасения могут помещать росту акций на зарубежных биржах. Пока основные европейские индексы уверенно растут: британский FTSE 100 набирает 0,63%, немецкий DAX – 0,93%, французский CAC 40 – 1,72%. Последние стали укрепляться на фоне того, что сейчас участники торгов ищут интересные предложения после сильной распродажи на этой неделе. Существенная коррекция коснулась и американский рынок из-за неуверенности по поводу восстановления экономики. По итогам торговой сессии четверга индекс Nasdaq снизился на 0,72%, Dow потерял 0,75%, а S&P 500 просел на 0,86%. Новую волну роста рынку могли бы обеспечить сохранение стимулов и сезон отчетностей за 2 квартал, который начинается на следующей неделе.   Сегодня же на ход торгов еще могут повлиять новости, которые будут поступать с начинающейся двухдневной встречи министров финансов и глав центробанков стран G20. Одной из главных тем саммита, как ожидается, станет вопрос реформирования корпоративного налогообложения. Кроме того, в США в пятницу должна выйти статистика по запасам на оптовых складах, а также будет обнародован еженедельный отчет по числу буровых установок от Baker Hughes. В РФ ближе к вечеру выйдут данные по счету текущих операций за 2 квартал. ",True,True,False,False,False,False
2467,24,23.03.2021,"Отмена топливного демпфера лишит рынок защиты, нельзя это даже обсуждать - Минэнерго РФ",https://www.finam.ru/analysis/newsitem/otmena-toplivnogo-dempfera-lishit-rynok-zashity-nelzya-eto-dazhe-obsuzhdat-minenergo-rf-20210323-09227/,bashneft-ank-ao,09:22,23.03.2021,"МОСКВА, 23 мар - РИА Новости/Прайм. Минэнерго РФ считает, что нельзя обсуждать отмену демпфера, который призван сглаживать колебания цен на топливо, так как это лишит рынок защитного механизма, прокомментировал замминистра энергетики РФ Павел Сорокин предложения Независимого топливного союза. Независимый топливный союз (НТС) направил письмо премьер-министру РФ Михаилу Мишустину с просьбой принять меры по стабилизации ситуации на рынке топлива, пишет во вторник газета ""Известия"". В частности, бизнес предлагает снизить акцизы на бензин и дизель, отменить демпфер и увеличить нормативы продаж нефтепродуктов на бирже. Цены на бензин в рознице до конца года могут вырасти выше инфляции, а при худшем сценарии - на 14%, предупредили в НТС. ""Одним из главных приоритетов действующего механизма демпфера остаётся сохранение темпов изменения конечных розничных цен для потребителя не выше уровня инфляции за счет компенсации разницы между экспортной альтернативой и ценой внутреннего рынка. Его отмена лишит рынок защитного механизма"", - прокомментировал Сорокин прогноз роста цен на бензин. ""Мы считаем, что категорически нельзя даже обсуждать отмену данного механизма, потому что это может привести к непоправимым последствиям для рынка"", - добавил замминистра. Он также напомнил, что правительство и топливные компании уже приняли все необходимые срочные меры реагирования на ситуацию роста оптовых цен на топливо. Так, с 1 мая заработает скорректированный демпферный механизм. Также совместным приказом ФАС и Минэнерго с марта повышены нормативы продаж нефтепродуктов на бирже: бензина до 11% от месячного объема производства, дизтоплива - до 7,5% и сжиженных углеводородных газов (СУГ) - также до 7,5%. ""С 10 марта ситуация на биржевых торгах стабильная, на АЗС рост цен в пределах инфляции. Этих мер достаточно для сохранения стабильной ситуации, но Минэнерго продолжает мониторинг на предмет дополнительных действий в случае необходимости"", - заключил замминистра. Демпфирующий механизм был создан для сдерживания цен на топливо на внутреннем рынке в России. В общих чертах, если экспортная цена бензина и дизтоплива выше условной внутрироссийской, то государство компенсирует нефтекомпаниям часть этой разницы, чтобы они не повышали цены в РФ. А если российские цены выше экспортных, то нефтяники делятся с государством частью своей сверхприбыли от внутренних продаж топлива.",True,True,False,False,False,False
2632,189,29.11.2016,"ФАС разрешила ""Роснефти"" купить ""Башнефть""",https://www.finam.ru/analysis/newsitem/fas-razreshila-rosnefti-kupit-bashneft-20161129-132424/,bashneft-ank-ao,13:24,29.11.2016,"ФАС России рассмотрела ходатайство ПАО ""НК ""Роснефть"" о приобретении голосующих акций ПАО АНК ""Башнефть"" и одобрила его, но выдала предписание с определенными требованиями, говорится в ведомстве. Компании следует продать автозаправочные станции в течение двух лет в тех регионах, где совокупная доля на розничных рынках моторного топлива НК ""Роснефть"" и АНК ""Башнефть"" превысит 50%.  Кроме того, обществу предписано продавать на товарной бирже нефтепродукты (автомобильный бензин, мазут, дизельное топливо, авиационный керосин на базисе НПЗ ПАО ""АНК"" Башнефть"") в соответствии с приказом ФАС России и Минэнерго, а также с соблюдением критериев равномерности и регулярности реализации товара на бирже утвержденных постановлением правительства Российской Федерации. Также НК ""Роснефть"" должна разработать и представить на согласование в ФАС России изменения в торговую политику в части развития мелкооптовой реализации нефтепродуктов. По мнению антимонопольного ведомства, такие действия обеспечат публичность и доступность информации о порядке ценообразования, недопустимость экономически и технологически необоснованных отказов от заключения договоров с покупателями.",True,False,False,False,False,True
2870,427,05.11.2014,"ФАС РФ возбудила дело в отношении ""Башнефти"", ""Роснефти"", ""ЛУКОЙЛа"" и ""ЛУКОЙЛ-Резервнефтепродукта"" по признакам манипулирования на бирже",https://www.finam.ru/analysis/newsitem/fas-rf-vozbudila-delo-v-otnoshenii-bashnefti-rosnefti-lukoiyla-i-lukoiyl-rezervnefteprodukta-po-priznakam-manipulirovaniya-na-birzhe-20141105-1650/,bashneft-ank-ao,16:50,05.11.2014,"ФАС России возбудила дело в отношении ""АНК ""Башнефть"", ""НК ""Роснефть"", ""НК ""ЛУКОЙЛ"" и ""ЛУКОЙЛ-Резервнефтепродукт"" по признакам манипулирования на бирже, говорится в сообщении ведомства. Ранее по результатам анализа мониторингов рынка нефтепродуктов ФАС России установила, что в период с января по сентябрь 2014 года во внебиржевом крупнооптовом сегменте рост цен на автомобильные бензины марок АИ-92 и АИ-95 составил порядка 20%. В биржевом крупнооптовом сегменте рынка рост цен на автомобильные бензины марки АИ-92 составил 34%, на автомобильный бензин марки АИ-95 - 35%. ""Такая ситуация стала одной из причин повышения цен в розничном сегменте рынка нефтепродуктов, - заявил начальник Управления контроля ТЭК Дмитрий Махонин. - Так, по данным Росстата с начала года при общем уровне инфляции в 6,3% рост цен на автомобильный бензин марки АИ-92 составил 10%, автомобильный бензин АИ-95 - 7,8%"". По результатам анализа мониторингов установлено, что одной из причин роста оптовых цен на автомобильные бензины является рост биржевых цен на Санкт-Петербургской Международной Товарно-сырьевой Бирже. В целях выявления причин роста цен на бензины на биржевых торгах, Управление контроля ТЭК запросило реестры всех сделок, заключенных на биржевых торгах нефтепродуктами и зарегистрированных в системе электронных торгов ""СПбМТСБ"" за период с января по сентябрь 2014 года. В результате анализа на базисе Уфимской группы НПЗ было зафиксировано значительное количество ""секундных"" сделок на биржевых торгах на продажу со стороны ""Башнефти"" и на покупку нефтепродуктов со стороны ""Роснефти"" и ""ЛУКОЙЛ-Резервнефтепродукт"". Анализ характеристик этих сделок позволил ФАС сделать вывод о возможном наличии манипуляции на биржевых торгах вышеуказанными компаниями.",True,False,False,True,False,False
3014,571,27.09.2013,"""Башнефть"" и ""Газпром"" получили предупреждения от ФАС России",https://www.finam.ru/analysis/newsitem78633/,bashneft-ank-ao,12:56,27.09.2013,"Федеральная антимонопольная служба предписала ""Башнефти"" и ""Газпрому"" до 23 октября устранить нарушения антимонопольного законодательства, говорится в сообщении ведомства.  Выразились эти нарушения в навязывании хозяйствующим субъектам невыгодных условий договора поставки автомобильных бензинов, а также экономически и технологически необоснованном отказе от заключения договора поставки автомобильных бензинов (пункты 3 и 5 части 1 статьи 10 закона ""О защите конкуренции""). Ранее подобное предупреждение было выдано ОАО ""Газпром нефть"". По результатам проведенного анализа ценовой ситуации на рынке нефтепродуктов ФАС России отметила рост цен во всех сегментах рынка нефтепродуктов начиная с июля 2013 года. Компаниям указано на необходимость обеспечить: - реализацию на бирже автомобильных бензинов в объеме не менее десяти процентов от месячного объема производства с базисов поставки нефтеперерабатывающих заводов, с обеспечением равных, недискриминационных условий по способам поставки товара, как железнодорожным транспортом, так и магистральным трубопроводом. Реализация товара на бирже должна проходить с соблюдением принципов регулярности и равномерности, то есть распределения годовых объемов реализации нефтепродуктов на биржевых торгах по каждому виду соответствующего биржевого товара, по месяцам календарного года в размере не менее установленной величины, равномерно по дням, торговым сессиям и базисам поставки; - реализацию автомобильных бензинов во внебиржевом сегменте рынка в полном соответствии с ""Правилами торговой практики ОАО ""Газпром нефть"", ранее согласованной с ФАС России, в части обеспечения принципов приоритетности реализации автомобильных бензинов на внутренний рынок Российской Федерации и недискриминационности условий поставки топлива независимым участникам рынка, как по ценам, так и по объемам поставки товара.  ""Одним из факторов, который мог повлиять на повышение цен на автомобильный бензин явились действия ряда нефтяных компаний, в том числе ОАО АНК ""Башнефть"" и ОАО ""Газпром"". Компании не соблюдали принципы биржевой торговли нефтепродуктов, заложенных в действующем законодательстве, а также не обеспечивали равные условия приобретения нефтепродуктов независимыми участниками рынка во внебиржевом сегменте. Мы полагаем, что эти предупреждения поспособствуют созданию благоприятных условий на рынке нефтепродуктов"", - отметил заместитель руководителя ФАС России Анатолий Голомолзин.",True,True,False,False,False,True
3183,740,26.01.2012,"ФАС РФ: ""Башнефть"" перечислила в федеральный бюджет более 770 млн рублей штрафа",https://www.finam.ru/analysis/newsitem634A7/,bashneft-ank-ao,20:08,26.01.2012,"23 января 2011 года ФАС России получила уведомление об оплате АНК ""Башнефть"" административного штрафа в размере 778 245 170 рублей за установление и поддержание монопольно высоких цен на оптовом рынке автомобильного бензина в период с апреля по сентябрь 2011 года. Ранее, в декабре 2011 года, в рамках ""третьей волны"" антимонопольных дел в отношении вертикально-интегрированных нефтяных компаний ФАС оштрафовала ""Башнефть"" за нарушение антимонопольного законодательства (часть 1 статья 10 Федерального закона ""О защите конкуренции""). В связи с тем, что ""Башнефть"" добровольно устранила нарушения, предписание о прекращении нарушения антимонопольного законодательства решено было не выдавать. В порядке устранения последствий нарушения компания ""Башнефть"" представила в ФАС информацию о снижении цен на бензин более чем на 15%, которое произошло в два этапа - в октябре и в ноябре 2011 года. Одновременно компания добровольно снизила цены на автомобильные бензины и на мелкооптовом рынке, говорится в сообщении ведомства.",True,False,False,False,False,True
3259,73,23.03.2021,"Отмена топливного демпфера лишит рынок защиты, нельзя это даже обсуждать - Минэнерго РФ",https://www.finam.ru/analysis/newsitem/otmena-toplivnogo-dempfera-lishit-rynok-zashity-nelzya-eto-dazhe-obsuzhdat-minenergo-rf-20210323-09227/,gazprom-neft,09:22,23.03.2021,"МОСКВА, 23 мар - РИА Новости/Прайм. Минэнерго РФ считает, что нельзя обсуждать отмену демпфера, который призван сглаживать колебания цен на топливо, так как это лишит рынок защитного механизма, прокомментировал замминистра энергетики РФ Павел Сорокин предложения Независимого топливного союза. Независимый топливный союз (НТС) направил письмо премьер-министру РФ Михаилу Мишустину с просьбой принять меры по стабилизации ситуации на рынке топлива, пишет во вторник газета ""Известия"". В частности, бизнес предлагает снизить акцизы на бензин и дизель, отменить демпфер и увеличить нормативы продаж нефтепродуктов на бирже. Цены на бензин в рознице до конца года могут вырасти выше инфляции, а при худшем сценарии - на 14%, предупредили в НТС. ""Одним из главных приоритетов действующего механизма демпфера остаётся сохранение темпов изменения конечных розничных цен для потребителя не выше уровня инфляции за счет компенсации разницы между экспортной альтернативой и ценой внутреннего рынка. Его отмена лишит рынок защитного механизма"", - прокомментировал Сорокин прогноз роста цен на бензин. ""Мы считаем, что категорически нельзя даже обсуждать отмену данного механизма, потому что это может привести к непоправимым последствиям для рынка"", - добавил замминистра. Он также напомнил, что правительство и топливные компании уже приняли все необходимые срочные меры реагирования на ситуацию роста оптовых цен на топливо. Так, с 1 мая заработает скорректированный демпферный механизм. Также совместным приказом ФАС и Минэнерго с марта повышены нормативы продаж нефтепродуктов на бирже: бензина до 11% от месячного объема производства, дизтоплива - до 7,5% и сжиженных углеводородных газов (СУГ) - также до 7,5%. ""С 10 марта ситуация на биржевых торгах стабильная, на АЗС рост цен в пределах инфляции. Этих мер достаточно для сохранения стабильной ситуации, но Минэнерго продолжает мониторинг на предмет дополнительных действий в случае необходимости"", - заключил замминистра. Демпфирующий механизм был создан для сдерживания цен на топливо на внутреннем рынке в России. В общих чертах, если экспортная цена бензина и дизтоплива выше условной внутрироссийской, то государство компенсирует нефтекомпаниям часть этой разницы, чтобы они не повышали цены в РФ. А если российские цены выше экспортных, то нефтяники делятся с государством частью своей сверхприбыли от внутренних продаж топлива.",True,True,False,False,False,False
3536,350,30.05.2018,"ФАС выдала предупреждение ""Роснефти"" из-за снижения продаж топлива",https://www.finam.ru/analysis/newsitem/fas-vydala-preduprezhdenie-rosnefti-iz-za-snizheniya-prodazh-topliva-20180530-162148/,gazprom-neft,16:21,30.05.2018,"ФАС выдала предупреждение ""Роснефти"", запросила данные у ""Газпрома"" и уведомила 5 компаний о необходимости исполнения обязательств. Об этом говорится в пресс-релизе ведомства. Компании снизили объемы продаж нефтепродуктов, что могло послужить причиной роста цен на бензины марки АИ-92, АИ-95 и дизельное топливо. ""Согласно данным Росстата рост розничных цен по состоянию на 20.05.2018 составил по бензину около 5,3% и на дизельное топливо около 5,9%. Рост розничных цен на АЗС имеет место по причине роста с марта этого года оптовых цен на нефтепродукты, в том числе вследствие недостаточности предложения нефтяными компаниями моторных топлив на биржевых торгах и во внебиржевом сегменте. Анализ ФАС России показывает, что имеется неудовлетворенный спрос на нефтепродукты, как в биржевом, так и во внебиржевом сегментах"", - отметил заместитель руководителя ФАС России Анатолий Голомолзин. Основная доля снижения объемов реализации нефтепродуктов приходится на ПАО ""НК ""Роснефть"". Кроме того, по ряду договоров, заключенных на биржевых торгах, были увеличены сроки отгрузки нефтепродуктов, что привело к несвоевременной поставке моторного топлива конечным потребителям. Так же в ФАС России поступают жалобы на действия компании, связанные с ограничением (снижением) объемов отгрузки нефтепродуктов мелким оптом. В связи с этим ПАО ""НК ""Роснефть"" выдано предупреждение о прекращении в срок до 8 июня 2018 года действий (бездействия), содержащих признаки нарушения антимонопольного законодательства. Компании надлежит обеспечить производство светлых нефтепродуктов и их устойчивую поставку на внутренний рынок в объеме, предусмотренном обязательствами по 4-х стороннему соглашению. Также ПАО ""НК ""Роснефть"" необходимо обеспечить достаточное предложение нефтепродуктов на внутреннем рынке путем увеличения производства и снижения их экспорта, предусмотреть недискриминационную реализацию моторных топлив. ФАС России запросила у ООО ""Газпром нефтехим Салават"", ПАО ""Газпром"" и ПАО ""Газпром нефть"" в срок до 3.06.2018 года представить технико-экономическое обоснование увеличения отгрузки на экспорт прямогонных бензинов при одновременном изъятии их из своего технологического производства на фоне наличия неудовлетворенного спроса на нефтепродукты на внутреннем рынке. По информации, находящейся в распоряжении ФАС России, в апреле 2018 года по сравнению с мартом 2018 года компания ""Газпром нефтехим Салават"" увеличила в 4,7 раза отгрузку на экспорт прямогонных бензинов (нафта), компания ""Газпром"" в период с января по апрель 2018 года в сравнении с аналогичным периодом прошлого года увеличило отгрузку на экспорт прямогонных бензинов (нафта) на 9%, а ПАО ""Газпром нефть"" - на 58,6%. В целях недопущения нарушения антимонопольного законодательства и обеспечения потребности конечных потребителей моторным топливом ФАС России считает необходимым компаниям принять меры по увеличению производства и поставки автомобильных бензинов и дизельного топлива на внутренней рынок. В отношении компаний ОАО ""ТАИФ-НК"", АО ""ФортеИнвест"", ОАО ""Сургутнефтегаз"", ПАО ""Татнефть"" и АО ""Антипинский НПЗ"" направлены уведомления об исполнении обязательств по четырехсторонним соглашениям. По итогам мониторинга исполнения соглашений за первый квартал 2018 года компаниями не были соблюдены обязательства по поставке светлых нефтепродуктов на внутренний рынок. ""В 4-х сторонних соглашениях содержится оговорка о том, что в случае неисполнения обязательств по производству светлых нефтепродуктов в объемах, необходимых для обеспечения поставок на внутренний рынок, может быть рассмотрен вопрос об обеспечении соблюдения требований антимонопольного законодательства, в том числе о выдаче предупреждений"", - прокомментировал Анатолий Голомолзин.",True,True,False,False,False,False
4144,958,26.09.2013,"ФАС обязала ""Газпром нефть"" до 21 октября 2013 года устранить признаки нарушения антимонопольного законодательства",https://www.finam.ru/analysis/newsitem785BA/,gazprom-neft,18:30,26.09.2013,"Федеральная антимонопольная служба (ФАС России) вынесла предупреждение ОАО ""Газпром нефть"" о необходимости в срок до 21 октября 2013 года устранить признаки нарушения антимонопольного законодательства. Выразились эти нарушения в навязывании хозяйствующим субъектам невыгодных условий договора поставки автомобильных бензинов, а также экономически и технологически необоснованном отказе от заключения договора поставки автомобильных, говорится в сообщении ведомства. Ранее по результатам проведенного анализа ценовой ситуации на рынке нефтепродуктов ФАС России отметила рост цен во всех сегментах рынка нефтепродуктов начиная с июля 2013 года. По мнению ФАС России, одним из факторов, который мог повлиять на повышение цен на автомобильный бензин явились действия ряда нефтяных компаний, в том числе ОАО ""Газпром нефть"", по несоблюдению принципов биржевой торговли нефтепродуктов, заложенных в действующем законодательстве, а также по не обеспечению равных условий приобретения нефтепродуктов независимыми участниками рынка во внебиржевом сегменте. Компаниям указано на необходимость обеспечить: - реализацию на бирже автомобильных бензинов в объеме не менее десяти процентов от месячного объема производства с базисов поставки нефтеперерабатывающих заводов, с обеспечением равных, недискриминационных условий по способам поставки товара, как железнодорожным транспортом, так и магистральным трубопроводом. Реализация товара на бирже должна проходить с соблюдением принципов регулярности и равномерности, то есть распределения годовых объемов реализации нефтепродуктов на биржевых торгах по каждому виду соответствующего биржевого товара, по месяцам календарного года в размере не менее установленной величины, равномерно по дням, торговым сессиям и базисам поставки; - реализацию автомобильных бензинов во внебиржевом сегменте рынка в полном соответствии с ""Правилами торговой практики ОАО ""Газпром нефть"", ранее согласованной с ФАС России, в части обеспечения принципов приоритетности реализации автомобильных бензинов на внутренний рынок Российской Федерации и недискриминационности условий поставки топлива независимым участникам рынка, как по ценам, так и по объемам поставки товара. ФАС России полагает, что принятие этих мер будет способствовать созданию благоприятных условий на рынке нефтепродуктов.",True,True,False,False,True,False
4280,1094,07.12.2012,"ФАС предупредила ""Сургутнефтегаз"", ""Газпром нефть"", ""ЛУКОЙЛ"" и ТНК-ВР о необоснованности отказов независимым организациям",https://www.finam.ru/analysis/newsitem6EBAE/,gazprom-neft,18:10,07.12.2012,"Санкт-Петербургское УФАС России вынесло ВИНКам предупреждения о прекращении необоснованного отказа от заключения договоров поставки нефтепродуктов с независимыми организациями. Об этом говорится на сайте ведомства.  В течение 2012 года в управление ФАС по Санкт-Петербургу поступали обращения независимых операторов розничной торговли автомобильным топливом, связанные с отказами вертикально-интегрированных нефтяных компаний (далее - ВИНК) от поставок автомобильных бензинов по прямым договорам. Независимые операторы розничного рынка также указывают на то, что формирование высокой оптовой цены на бирже позволяет организациям, входящим в ВИНК, закреплять ее в качестве рыночной и продавать по этой цене товар по договорам поставки и вне биржи независимым компаниям. Компании, входящие в ВИНК, занимающие доминирующее положение (коллективное доминирование) на товарном рынке оптовой торговли автомобильными бензинами и дизельным топливом, оказывают непосредственное влияние на осуществление хозяйственной деятельности организациями, действующими на розничных рынках автомобильного топлива Санкт-Петербурга. Сокращение объемов поставляемого автомобильного топлива в адрес независимых операторов розничного рынка Санкт-Петербурга со стороны крупнейших поставщиков, входящих в ВИНК, приводит к увеличению спроса данных организаций у сторонних поставщиков, что, в свою очередь, приводит в увеличению оптовых цен на нефтепродукты и, соответственно, розничных цен на автомобильные бензины и дизельное топливо. При этом за счет возможности перераспределения затрат внутри структуры ВИНК, организации, входящие в неё, имеют возможность устанавливать розничные цены ниже, чем независимые компании, что может привести к ограничению конкуренции на рынках розничной торговли автомобильными бензинами и дизельным топливом, что подтверждает тенденция снижения долей независимых хозяйствующих субъектов, действующих на данных рынках и представленная ими информация. В действиях групп лиц ОАО ""Сургутнефтегаз"", ОАО ""Газпром нефть"", ООО ""Лукойл-Северо-Западнефтепродукт"", ОАО ""ТНК-ВР Холдинг"" выявлены признаки нарушения антимонопольного законодательства, а именно пункта 5 части 1 статьи 10 Закона о защите конкуренции, в части необоснованного отказа от заключения договоров поставки нефтепродуктов с независимыми организациями, осуществляющими деятельность на рынках розничной торговли автомобильными бензинами и дизельным топливом в границах Санкт-Петербурга, а также отказа и уклонения от поставок нефтепродуктов по действующим договорам поставки. В настоящее время хозяйствующим субъектам, входящим в группы лиц ОАО ""Сургутнефтегаз"", ОАО ""Газпром нефть"", ООО ""Лукойл-Северо-Западнефтепродукт"", ОАО ""ТНК-ВР Холдинг"", занимающих доминирующее положение на товарном рынке оптовой торговли автомобильными бензинами и дизельным топливом в границах Санкт-Петербурга, выданы предупреждения о прекращении необоснованного отказа от заключения договоров поставки нефтепродуктов с независимыми организациями, осуществляющими деятельность на рынках розничной торговли автомобильными бензинами и дизельным топливом в границах Санкт-Петербурга, а также отказа и уклонения от поставок нефтепродуктов по действующим договорам поставки. Срок выполнения предупреждения - 13 января 2013 года.",True,True,False,False,True,False
4314,1128,21.09.2012,"ФАС направила ""Газпром нефти"" предупреждение о нарушении антимонопольного законодательства",https://www.finam.ru/analysis/newsitem6BE54/,gazprom-neft,18:53,21.09.2012,"Федеральная антимонопольная служба (ФАС) России направила ОАО ""Газпром нефть"" предупреждение о прекращении действий (бездействия), которые содержат признаки нарушения антимонопольного законодательства. Об этом сообщается на сайте ФАС России. Ранее ООО ""Торговая компания ""Лидер"" обратилась в ФАС по поводу уклонения и отказа ""Газпром нефти"" от заключения с ООО договора купли-продажи нефтепродуктов. В ходе рассмотрения жалобы ФАС России установила возможные признаки нарушения пункта 5 части 1 статьи 10 закона ""О защите конкуренции"".",True,True,False,False,False,False
4470,49,17.05.2021,"""Дочка"" ""ЛУКОЙЛа"" снизила цены на бензин - ФАС",https://www.finam.ru/analysis/newsitem/dochka-lukoiyla-snizila-ceny-na-benzin-fas-20210517-114431/,lukoil,11:44,17.05.2021,"Калмыцкое УФАС России выявило признаки нарушения антимонопольного законодательства в деятельности ООО ""ЛУКОЙЛ-Югнефтепродукт"", занимающего доминирующее положение на рынке реализации моторного топлива в регионе, сообщило ведомство. С января по апрель 2021 года организация устанавливала различные цены на бензин на АЗС Элисты. Компания пояснила, что решила провести на отдельных АЗС акцию, чтобы повысить лояльность клиентов и равномерно распределить их поток в течение суток. В частности, ""ЛУКОЙЛ-Югнефтепродукт"" на отдельных АЗС повысил днем цену на 40-60 копеек за литр бензина от общего уровня, а ночью снизил - на 10 копеек.УФАС пришло к выводу, что проведение подобной акции не может быть признано экономическим или технологическим обоснованием для повышения цены на бензин на отдельных АЗС. В связи с этим Калмыцкое УФАС России выдало ""ЛУКОЙЛ-Югнефтепродукт"" предупреждение о необходимости прекратить необоснованное повышение розничных цен на бензин на АЗС компании, где проводилась акция. ""ЛУКОЙЛ-Югнефтепродукт"" сообщил о его исполнении – цены на АЗС были доведены до общего уровня в дневное и ночное время. В целях защиты потребителей от необоснованного роста розничных цен на бензин марок АИ-92, АИ-95 и дизельное топливо на АЗС ФАС России поручила территориальным управлениям усилить соответствующий мониторинг. Если по его результатам выявляются признаки нарушения закона о защите конкуренции, служба принимает меры антимонопольного реагирования.",True,True,False,False,False,False
4490,69,23.03.2021,"Отмена топливного демпфера лишит рынок защиты, нельзя это даже обсуждать - Минэнерго РФ",https://www.finam.ru/analysis/newsitem/otmena-toplivnogo-dempfera-lishit-rynok-zashity-nelzya-eto-dazhe-obsuzhdat-minenergo-rf-20210323-09227/,lukoil,09:22,23.03.2021,"МОСКВА, 23 мар - РИА Новости/Прайм. Минэнерго РФ считает, что нельзя обсуждать отмену демпфера, который призван сглаживать колебания цен на топливо, так как это лишит рынок защитного механизма, прокомментировал замминистра энергетики РФ Павел Сорокин предложения Независимого топливного союза. Независимый топливный союз (НТС) направил письмо премьер-министру РФ Михаилу Мишустину с просьбой принять меры по стабилизации ситуации на рынке топлива, пишет во вторник газета ""Известия"". В частности, бизнес предлагает снизить акцизы на бензин и дизель, отменить демпфер и увеличить нормативы продаж нефтепродуктов на бирже. Цены на бензин в рознице до конца года могут вырасти выше инфляции, а при худшем сценарии - на 14%, предупредили в НТС. ""Одним из главных приоритетов действующего механизма демпфера остаётся сохранение темпов изменения конечных розничных цен для потребителя не выше уровня инфляции за счет компенсации разницы между экспортной альтернативой и ценой внутреннего рынка. Его отмена лишит рынок защитного механизма"", - прокомментировал Сорокин прогноз роста цен на бензин. ""Мы считаем, что категорически нельзя даже обсуждать отмену данного механизма, потому что это может привести к непоправимым последствиям для рынка"", - добавил замминистра. Он также напомнил, что правительство и топливные компании уже приняли все необходимые срочные меры реагирования на ситуацию роста оптовых цен на топливо. Так, с 1 мая заработает скорректированный демпферный механизм. Также совместным приказом ФАС и Минэнерго с марта повышены нормативы продаж нефтепродуктов на бирже: бензина до 11% от месячного объема производства, дизтоплива - до 7,5% и сжиженных углеводородных газов (СУГ) - также до 7,5%. ""С 10 марта ситуация на биржевых торгах стабильная, на АЗС рост цен в пределах инфляции. Этих мер достаточно для сохранения стабильной ситуации, но Минэнерго продолжает мониторинг на предмет дополнительных действий в случае необходимости"", - заключил замминистра. Демпфирующий механизм был создан для сдерживания цен на топливо на внутреннем рынке в России. В общих чертах, если экспортная цена бензина и дизтоплива выше условной внутрироссийской, то государство компенсирует нефтекомпаниям часть этой разницы, чтобы они не повышали цены в РФ. А если российские цены выше экспортных, то нефтяники делятся с государством частью своей сверхприбыли от внутренних продаж топлива.",True,True,False,False,False,False
4572,151,01.06.2020,ВТБ видит угрозу пересмотра всех инвестиционных сделок прошедших лет из-за иска ФАС,https://www.finam.ru/analysis/newsitem/vtb-schitaet-chto-isk-fas-mozhet-privesti-k-peresmotru-vsex-investicionnyx-sdelok-proshedshix-let-20200601-140529/,lukoil,14:05,01.06.2020,"Требование ФАС признать недействительной сделку по приобретению у ""ЛУКОЙЛа"" акций ""Архангельскгеолдобычи"" в 2017 году может привести к пересмотру всех инвестиционных сделок минувших лет, в том числе одобренных правкомиссией по контролю за осуществлением иностранных инвестиций в России. Такое заявление сделал ВТБ, который участвовал в сделке в качестве консультанта со стороны покупателя. ""Действия, направленные на ревизию решений Правительственной комиссии за предыдущие годы, создают предпосылки к пересмотру десятков и сотен многомиллиардных инвестиционных соглашений. Более того, создается прецедент, который, по сути, позволяет новым собственникам пересматривать под надуманным предлогом любые сделки, совершенные предыдущими собственниками. При этом речь идет о сделке, состоявшейся между двумя частными коммерческими структурами. Очевидно, что госорганы в этой истории грубо используются в решении сугубо коммерческих задач. Это дезориентирует участников рынка и подрывает базовое условие для ведения бизнеса - доверие"", - говорится в заявлении банка. ""Особенно удивительно эти действия выглядят в период значительного ухудшения экономической ситуации в стране и мире на фоне пандемии коронавирусной инфекции. В то время как правительство РФ и все деловое сообщество разрабатывает и реализует планы по стабилизации экономики, ее восстановления и последующего роста, предпринимаются шаги, которые грозят обернуться бегством из России не только иностранных, но и российских инвесторов"", - отмечает ВТБ. Группа ВТБ участвовала в сделке по ""Архангельскгеолдобыче"" в качестве консультанта со стороны покупателя и предоставляла кредитные средства для приобретения компании. Консультантом со стороны продавца выступал международный инвестиционный банк – Goldman Sachs. ""Сделка прошла тщательную многостороннюю экспертизу, цена компании была признана рыночной обоими консультантами сделки и удовлетворила покупателя и продавца. Участники сделки получили все необходимые разрешения и заключения со стороны контролирующих органов, включая разрешение Правительственной комиссии по контролю за осуществлением иностранных инвестиций в РФ и имеющей в своем составе руководителей министерств, ФАС России и представителей других государственных органов"", - говорится в заявлении. ВТБ не сомневается, что в случае возможного процесса судебные инстанции вынесут взвешенное справедливое решение и не допустят пересмотра столь крупной, хорошо проработанной сделки, совершенной более трех лет назад. ""Однако к тому моменту уже сам факт данного судебного разбирательства может повлечь за собой приостановление хозяйственной и финансовой деятельности крупного российского предприятия на неопределенно длительный срок, разрушит всю процедуру одобрения и согласования подобных сделок, нанесет огромный ущерб привлекательности нашей страны для российских и зарубежных инвесторов"", - полагает банк.",True,False,False,False,True,False
5114,693,23.12.2016,ФАС предостерегла Алекперова от неуместных прогнозов,https://www.finam.ru/analysis/newsitem/fas-predosteregla-alekperova-ot-neumestnyx-prognozov-20161223-11072/,lukoil,11:07,23.12.2016,"Федеральная антимонопольная служба (ФАС России) направила предостережение в адрес президента ПАО ""ЛУКОЙЛ"" Вагита Алекперова о недопустимости совершения действий, которые могут привести к нарушению антимонопольного законодательства.В частности, Вагит Алекперов в интервью телеканалу ""Россия 24"" сделал публичное заявление о росте цен на автомобильное топливо, которое, по сообщению ФАС, могло привести к дисбалансу спроса и предложения на внутреннем рынке нефтепродуктов РФ.В интервью Алекперов спрогнозировал рост цен на топливо на 8-12% в течение года.",True,False,True,False,False,False
5247,826,15.03.2016,"ФАС запретила менеджменту ""ЛУКОЙЛа"" прогнозировать динамику цен на бензин",https://www.finam.ru/analysis/newsitem/fas-zapretila-menedzhmentu-lukoiyla-prognozirovat-dinamiku-cen-na-benzin-20160315-16293/,lukoil,16:29,15.03.2016,"Федеральная антимонопольная служба РФ вынесла предупреждение первому вице-президенту ""ЛУКОЙЛа"" о недопустимости делать прогнозы о динамике цен на бензин. Соответствующий документ опубликован на сайте ведомства.  ""В связи с публичным заявлением первого вице-президента (переработка и сбыт), члена правления ПАО ""ЛУКОЙЛ"" о росте цен на автомобильные бензины, выразившемся в комментариях в статьях ""В ЛУКОЙЛе оценили возможный рост цен на бензин из-за повышения акцизов"" ФАС России предостерегает от совершения планируемых действий (бездействий), в связи с тем, что такое поведение может привести к нарушению закона ""О защите конкуренции"", - говорится в сообщении ФАС. ",True,True,True,False,True,False
5483,1062,05.11.2014,"ФАС РФ возбудила дело в отношении ""Башнефти"", ""Роснефти"", ""ЛУКОЙЛа"" и ""ЛУКОЙЛ-Резервнефтепродукта"" по признакам манипулирования на бирже",https://www.finam.ru/analysis/newsitem/fas-rf-vozbudila-delo-v-otnoshenii-bashnefti-rosnefti-lukoiyla-i-lukoiyl-rezervnefteprodukta-po-priznakam-manipulirovaniya-na-birzhe-20141105-1650/,lukoil,16:50,05.11.2014,"ФАС России возбудила дело в отношении ""АНК ""Башнефть"", ""НК ""Роснефть"", ""НК ""ЛУКОЙЛ"" и ""ЛУКОЙЛ-Резервнефтепродукт"" по признакам манипулирования на бирже, говорится в сообщении ведомства. Ранее по результатам анализа мониторингов рынка нефтепродуктов ФАС России установила, что в период с января по сентябрь 2014 года во внебиржевом крупнооптовом сегменте рост цен на автомобильные бензины марок АИ-92 и АИ-95 составил порядка 20%. В биржевом крупнооптовом сегменте рынка рост цен на автомобильные бензины марки АИ-92 составил 34%, на автомобильный бензин марки АИ-95 - 35%. ""Такая ситуация стала одной из причин повышения цен в розничном сегменте рынка нефтепродуктов, - заявил начальник Управления контроля ТЭК Дмитрий Махонин. - Так, по данным Росстата с начала года при общем уровне инфляции в 6,3% рост цен на автомобильный бензин марки АИ-92 составил 10%, автомобильный бензин АИ-95 - 7,8%"". По результатам анализа мониторингов установлено, что одной из причин роста оптовых цен на автомобильные бензины является рост биржевых цен на Санкт-Петербургской Международной Товарно-сырьевой Бирже. В целях выявления причин роста цен на бензины на биржевых торгах, Управление контроля ТЭК запросило реестры всех сделок, заключенных на биржевых торгах нефтепродуктами и зарегистрированных в системе электронных торгов ""СПбМТСБ"" за период с января по сентябрь 2014 года. В результате анализа на базисе Уфимской группы НПЗ было зафиксировано значительное количество ""секундных"" сделок на биржевых торгах на продажу со стороны ""Башнефти"" и на покупку нефтепродуктов со стороны ""Роснефти"" и ""ЛУКОЙЛ-Резервнефтепродукт"". Анализ характеристик этих сделок позволил ФАС сделать вывод о возможном наличии манипуляции на биржевых торгах вышеуказанными компаниями.",True,False,False,True,False,False
5612,1191,27.02.2014,"Апелляционный суд подтвердил законность претензий ФАС к ""Лукойл-Уралнефтепродукту""",https://www.finam.ru/analysis/newsitem/apellyacionnyiy-sud-podtverdil-zakonnost-pretenziiy-fas-k-lukoiyl-uralnefteproduktu-20140227-1613/,lukoil,16:13,27.02.2014,"26 февраля 2014 г. Одиннадцатый арбитражный апелляционный суд подтвердил законность решения Татарстанского УФАС России, вынесенного в отношении ООО ""Лукойл-Уралнефтепродукт"". Ранее комиссия Татарстанского УФАС России признала ООО ""Лукойл-Уралнефтепродукт"" нарушившим часть 1 статьи 10 Федерального закона ""О защите конкуренции"". Нарушение выразилось в злоупотреблении доминирующим положением на рынке реализации автомобильного бензина марки АИ-92 через автозаправочные станции на территории Юго-Восточного экономического района республики Татарстан посредством установления завышенных цен на бензин АИ-92 с июня по июль 2012 года. Комиссия Татарстанского УФАС России установила, что у общества в указанный период имелись объективные предпосылки для снижения розничных цен на бензин АИ-92 на АЗС, однако этого не произошло, что свидетельствует об установлении экономически необоснованных цен на автомобильный бензин марки АИ-92 на АЗС ООО ""Лукойл-Уралнефтепродукт"". Обществу было выдано предписание о прекращении нарушения, однако решение и предписание Татарстанского УФАС России были обжалованы ООО ""Лукойл-Уралнефтепродукт"" в суде. 20 ноября 2013 г. суд первой инстанции отказал ООО ""Лукойл-Уралнефтепродукт"" в удовлетворении заявленных требований, признав решение и предписание Татарстанского УФАС России законными. Апелляция также встала на сторону антимонопольного органа, сообщило региональное управление ФАС.",True,False,False,False,True,True
5829,1408,07.12.2012,"ФАС предупредила ""Сургутнефтегаз"", ""Газпром нефть"", ""ЛУКОЙЛ"" и ТНК-ВР о необоснованности отказов независимым организациям",https://www.finam.ru/analysis/newsitem6EBAE/,lukoil,18:10,07.12.2012,"Санкт-Петербургское УФАС России вынесло ВИНКам предупреждения о прекращении необоснованного отказа от заключения договоров поставки нефтепродуктов с независимыми организациями. Об этом говорится на сайте ведомства.  В течение 2012 года в управление ФАС по Санкт-Петербургу поступали обращения независимых операторов розничной торговли автомобильным топливом, связанные с отказами вертикально-интегрированных нефтяных компаний (далее - ВИНК) от поставок автомобильных бензинов по прямым договорам. Независимые операторы розничного рынка также указывают на то, что формирование высокой оптовой цены на бирже позволяет организациям, входящим в ВИНК, закреплять ее в качестве рыночной и продавать по этой цене товар по договорам поставки и вне биржи независимым компаниям. Компании, входящие в ВИНК, занимающие доминирующее положение (коллективное доминирование) на товарном рынке оптовой торговли автомобильными бензинами и дизельным топливом, оказывают непосредственное влияние на осуществление хозяйственной деятельности организациями, действующими на розничных рынках автомобильного топлива Санкт-Петербурга. Сокращение объемов поставляемого автомобильного топлива в адрес независимых операторов розничного рынка Санкт-Петербурга со стороны крупнейших поставщиков, входящих в ВИНК, приводит к увеличению спроса данных организаций у сторонних поставщиков, что, в свою очередь, приводит в увеличению оптовых цен на нефтепродукты и, соответственно, розничных цен на автомобильные бензины и дизельное топливо. При этом за счет возможности перераспределения затрат внутри структуры ВИНК, организации, входящие в неё, имеют возможность устанавливать розничные цены ниже, чем независимые компании, что может привести к ограничению конкуренции на рынках розничной торговли автомобильными бензинами и дизельным топливом, что подтверждает тенденция снижения долей независимых хозяйствующих субъектов, действующих на данных рынках и представленная ими информация. В действиях групп лиц ОАО ""Сургутнефтегаз"", ОАО ""Газпром нефть"", ООО ""Лукойл-Северо-Западнефтепродукт"", ОАО ""ТНК-ВР Холдинг"" выявлены признаки нарушения антимонопольного законодательства, а именно пункта 5 части 1 статьи 10 Закона о защите конкуренции, в части необоснованного отказа от заключения договоров поставки нефтепродуктов с независимыми организациями, осуществляющими деятельность на рынках розничной торговли автомобильными бензинами и дизельным топливом в границах Санкт-Петербурга, а также отказа и уклонения от поставок нефтепродуктов по действующим договорам поставки. В настоящее время хозяйствующим субъектам, входящим в группы лиц ОАО ""Сургутнефтегаз"", ОАО ""Газпром нефть"", ООО ""Лукойл-Северо-Западнефтепродукт"", ОАО ""ТНК-ВР Холдинг"", занимающих доминирующее положение на товарном рынке оптовой торговли автомобильными бензинами и дизельным топливом в границах Санкт-Петербурга, выданы предупреждения о прекращении необоснованного отказа от заключения договоров поставки нефтепродуктов с независимыми организациями, осуществляющими деятельность на рынках розничной торговли автомобильными бензинами и дизельным топливом в границах Санкт-Петербурга, а также отказа и уклонения от поставок нефтепродуктов по действующим договорам поставки. Срок выполнения предупреждения - 13 января 2013 года.",True,True,False,False,True,False
5889,1468,22.08.2012,"ФАС РФ обвинила нижегородскую ""дочку"" ""ЛУКОЙЛА"" в создании дискриминационных условий во время топливного кризиса 2011 года",https://www.finam.ru/analysis/newsitem6AC7D/,lukoil,18:21,22.08.2012,"Комиссия Управления Федеральной антимонопольной службы по Нижегородской области 17 августа 2012 года признала ООО ""ЛУКОЙЛ-Волганефтепродукт"" нарушившим закон о защите конкуренции по статье ""злоупотребление доминированием"", говорится в сообщении ведомства. Нижегородское УФАС России установило, что ""ЛУКОЙЛ-Волганефтепродукт"" занимает доминирующее положение - доля более 35% - на рынке мелкооптовой реализации топлива на территории области. В период топливного кризиса 2011 года ""ЛУКОЙЛ-Волганефтепродукт"" создавало дискриминационные условия хозяйствующим субъектам при реализации им автомобильных бензинов марок АИ-92 и АИ-95 мелким оптом, с нефтебаз.  В настоящее время решается вопрос о возбуждении административного производства.
""В период дефицита топлива в Нижегородской области, а наиболее остро он наблюдался в период с мая по сентябрь 2011 года, заявители обращались в компанию для получения топлива. Но ""ЛУКОЙЛ-Волганефтепродукт"" не всегда отгружало им топливо в полном объеме, а в ряде случаев в отгрузках было и вовсе отказано. В тот же период времени заявки иных субъектов удовлетворялись в полном объеме. Эти действия ""ЛУКОЙЛ-Волганефтепродукт"" и привели к вынесению решения о признании общества нарушившим антимонопольное законодательство"", - прокомментировал руководитель Нижегородского УФАС России Михаил Теодорович.",True,False,False,True,True,False
6073,59,23.03.2021,"Отмена топливного демпфера лишит рынок защиты, нельзя это даже обсуждать - Минэнерго РФ",https://www.finam.ru/analysis/newsitem/otmena-toplivnogo-dempfera-lishit-rynok-zashity-nelzya-eto-dazhe-obsuzhdat-minenergo-rf-20210323-09227/,tatneft-3,09:22,23.03.2021,"МОСКВА, 23 мар - РИА Новости/Прайм. Минэнерго РФ считает, что нельзя обсуждать отмену демпфера, который призван сглаживать колебания цен на топливо, так как это лишит рынок защитного механизма, прокомментировал замминистра энергетики РФ Павел Сорокин предложения Независимого топливного союза. Независимый топливный союз (НТС) направил письмо премьер-министру РФ Михаилу Мишустину с просьбой принять меры по стабилизации ситуации на рынке топлива, пишет во вторник газета ""Известия"". В частности, бизнес предлагает снизить акцизы на бензин и дизель, отменить демпфер и увеличить нормативы продаж нефтепродуктов на бирже. Цены на бензин в рознице до конца года могут вырасти выше инфляции, а при худшем сценарии - на 14%, предупредили в НТС. ""Одним из главных приоритетов действующего механизма демпфера остаётся сохранение темпов изменения конечных розничных цен для потребителя не выше уровня инфляции за счет компенсации разницы между экспортной альтернативой и ценой внутреннего рынка. Его отмена лишит рынок защитного механизма"", - прокомментировал Сорокин прогноз роста цен на бензин. ""Мы считаем, что категорически нельзя даже обсуждать отмену данного механизма, потому что это может привести к непоправимым последствиям для рынка"", - добавил замминистра. Он также напомнил, что правительство и топливные компании уже приняли все необходимые срочные меры реагирования на ситуацию роста оптовых цен на топливо. Так, с 1 мая заработает скорректированный демпферный механизм. Также совместным приказом ФАС и Минэнерго с марта повышены нормативы продаж нефтепродуктов на бирже: бензина до 11% от месячного объема производства, дизтоплива - до 7,5% и сжиженных углеводородных газов (СУГ) - также до 7,5%. ""С 10 марта ситуация на биржевых торгах стабильная, на АЗС рост цен в пределах инфляции. Этих мер достаточно для сохранения стабильной ситуации, но Минэнерго продолжает мониторинг на предмет дополнительных действий в случае необходимости"", - заключил замминистра. Демпфирующий механизм был создан для сдерживания цен на топливо на внутреннем рынке в России. В общих чертах, если экспортная цена бензина и дизтоплива выше условной внутрироссийской, то государство компенсирует нефтекомпаниям часть этой разницы, чтобы они не повышали цены в РФ. А если российские цены выше экспортных, то нефтяники делятся с государством частью своей сверхприбыли от внутренних продаж топлива.",True,True,False,False,False,False
6171,157,22.10.2019,"ФАС разрешила ""Татнефти"" купить топливно-розничный бизнес Neste в России",https://www.finam.ru/analysis/newsitem/fas-razreshila-tatnefti-kupit-toplivno-roznichnyiy-biznes-neste-v-rossii-20191022-175645/,tatneft-3,17:56,22.10.2019,"Федеральная антимонопольная служба России разрешила ""Татнефти"" купить принадлежащий финской Neste розничный топливный бизнес в России, состоящий из 75 АЗС и терминала в Санкт-Петербурге, но выдала предписание. Соответствующее решение опубликовано на сайте ведомства. ""Федеральная антимонопольная служба приняла решение об удовлетворении данного ходатайства и выдаче ООО ""Татнефть-АЗС-Запад"" предписания"", - говорится в документе. Отмечается, что ""сделка приведет к возникновению у ООО ""Татнефть-АЗС-Запад"" в Ленинградской области доминирующего положения и его усилению на розничном рынке дизельного топлива Ленинградской области"". Корпорация Neste подписала соглашение о продаже своего розничного топливного бизнеса ""Татнефти"" в июле. Ожидается, что сделка будет завершена к концу 2019 года.  Как сообщается на сайте финской компании, инвестиции Neste в Санкт-Петербурге и в Северо-Западном регионе России составили, начиная с 1990 года, более 200 млн евро. В настоящий момент в компании занято около 1 000 человек. ",True,False,False,False,False,True
6292,278,30.05.2018,"ФАС выдала предупреждение ""Роснефти"" из-за снижения продаж топлива",https://www.finam.ru/analysis/newsitem/fas-vydala-preduprezhdenie-rosnefti-iz-za-snizheniya-prodazh-topliva-20180530-162148/,tatneft-3,16:21,30.05.2018,"ФАС выдала предупреждение ""Роснефти"", запросила данные у ""Газпрома"" и уведомила 5 компаний о необходимости исполнения обязательств. Об этом говорится в пресс-релизе ведомства. Компании снизили объемы продаж нефтепродуктов, что могло послужить причиной роста цен на бензины марки АИ-92, АИ-95 и дизельное топливо. ""Согласно данным Росстата рост розничных цен по состоянию на 20.05.2018 составил по бензину около 5,3% и на дизельное топливо около 5,9%. Рост розничных цен на АЗС имеет место по причине роста с марта этого года оптовых цен на нефтепродукты, в том числе вследствие недостаточности предложения нефтяными компаниями моторных топлив на биржевых торгах и во внебиржевом сегменте. Анализ ФАС России показывает, что имеется неудовлетворенный спрос на нефтепродукты, как в биржевом, так и во внебиржевом сегментах"", - отметил заместитель руководителя ФАС России Анатолий Голомолзин. Основная доля снижения объемов реализации нефтепродуктов приходится на ПАО ""НК ""Роснефть"". Кроме того, по ряду договоров, заключенных на биржевых торгах, были увеличены сроки отгрузки нефтепродуктов, что привело к несвоевременной поставке моторного топлива конечным потребителям. Так же в ФАС России поступают жалобы на действия компании, связанные с ограничением (снижением) объемов отгрузки нефтепродуктов мелким оптом. В связи с этим ПАО ""НК ""Роснефть"" выдано предупреждение о прекращении в срок до 8 июня 2018 года действий (бездействия), содержащих признаки нарушения антимонопольного законодательства. Компании надлежит обеспечить производство светлых нефтепродуктов и их устойчивую поставку на внутренний рынок в объеме, предусмотренном обязательствами по 4-х стороннему соглашению. Также ПАО ""НК ""Роснефть"" необходимо обеспечить достаточное предложение нефтепродуктов на внутреннем рынке путем увеличения производства и снижения их экспорта, предусмотреть недискриминационную реализацию моторных топлив. ФАС России запросила у ООО ""Газпром нефтехим Салават"", ПАО ""Газпром"" и ПАО ""Газпром нефть"" в срок до 3.06.2018 года представить технико-экономическое обоснование увеличения отгрузки на экспорт прямогонных бензинов при одновременном изъятии их из своего технологического производства на фоне наличия неудовлетворенного спроса на нефтепродукты на внутреннем рынке. По информации, находящейся в распоряжении ФАС России, в апреле 2018 года по сравнению с мартом 2018 года компания ""Газпром нефтехим Салават"" увеличила в 4,7 раза отгрузку на экспорт прямогонных бензинов (нафта), компания ""Газпром"" в период с января по апрель 2018 года в сравнении с аналогичным периодом прошлого года увеличило отгрузку на экспорт прямогонных бензинов (нафта) на 9%, а ПАО ""Газпром нефть"" - на 58,6%. В целях недопущения нарушения антимонопольного законодательства и обеспечения потребности конечных потребителей моторным топливом ФАС России считает необходимым компаниям принять меры по увеличению производства и поставки автомобильных бензинов и дизельного топлива на внутренней рынок. В отношении компаний ОАО ""ТАИФ-НК"", АО ""ФортеИнвест"", ОАО ""Сургутнефтегаз"", ПАО ""Татнефть"" и АО ""Антипинский НПЗ"" направлены уведомления об исполнении обязательств по четырехсторонним соглашениям. По итогам мониторинга исполнения соглашений за первый квартал 2018 года компаниями не были соблюдены обязательства по поставке светлых нефтепродуктов на внутренний рынок. ""В 4-х сторонних соглашениях содержится оговорка о том, что в случае неисполнения обязательств по производству светлых нефтепродуктов в объемах, необходимых для обеспечения поставок на внутренний рынок, может быть рассмотрен вопрос об обеспечении соблюдения требований антимонопольного законодательства, в том числе о выдаче предупреждений"", - прокомментировал Анатолий Голомолзин.",True,True,False,False,False,False
